{
  "x_labels": [
    0,
    1,
    2,
    3,
    4,
    5,
    6,
    7,
    8,
    9,
    10
  ],
  "income": [
    959404.2135989097,
    911826.4835131398,
    937963.0861137387,
    969064.732095165,
    963425.7376453055,
    1045158.8339891387,
    1093759.5884362573,
    1226693.5016778666,
    1408701.8353221172,
    1520648.7032414773,
    1608673.022415446
  ],
  "age": [
    47.166895604395606,
    45.774193548387096,
    46.56427870461236,
    46.25280598610369,
    46.258320726172464,
    45.2912037037037,
    45.095501271139604,
    44.973931472977746,
    44.633287764866715,
    44.52660386965377,
    44.232456575682384
  ]
}