{
  "x_labels": [
    0.0,
    1.0,
    2.0,
    3.0,
    4.0,
    5.0,
    6.0,
    7.0,
    8.0,
    9.0,
    10.0
  ],
  "income_series": {
    "15-29": [
      813169.3644008026,
      844589.3315793474,
      727273.3167704161,
      785956.2409763163,
      792777.0642364522,
      888888.2703995946,
      945476.1901059389,
      989002.8994218952,
      1146558.5411893455,
      1210748.8466032967,
      1280665.5161262043
    ],
    "30-44": [
      915216.0448554403,
      909443.8486017786,
      962880.293859454,
      963065.2252326922,
      1041664.0384774766,
      1072758.1016259496,
      1112999.4960774218,
      1266099.937270994,
      1452785.0070896395,
      1598044.892399243,
      1702353.0211918463
    ],
    "45-59": [
      1074376.3196914739,
      990962.829658103,
      1014911.6048234232,
      1078173.6167737881,
      980628.3160955199,
      1134131.4638247918,
      1169647.5192457507,
      1329312.6033601046,
      1513958.9038336296,
      1646963.167490829,
      1731299.0274030492
    ],
    "60-74": [
      941893.1878978622,
      872380.9644003592,
      935481.0796742147,
      949597.7403323766,
      952519.295104495,
      986880.1684834826,
      1068921.3089605987,
      1188941.7847691965,
      1393876.8138411778,
      1423455.526643896,
      1540306.6370823467
    ]
  },
  "age_series": {
    "15-29": [
      25.20614035087719,
      25.11578947368421,
      25.1055900621118,
      25.00955414012739,
      25.328703703703702,
      25.37934027777778,
      25.359365466748017,
      25.306978620411456,
      25.62285168682368,
      25.612856099342586,
      25.504518872939926
    ],
    "30-44": [
      38.214814814814815,
      37.49618320610687,
      38.24013157894737,
      38.15034965034965,
      38.264197530864195,
      38.03236397748593,
      38.07077548256011,
      38.10554145516075,
      38.19565575119302,
      37.922036311854754,
      38.03105934553522
    ],
    "45-59": [
      53.120315581854044,
      53.338235294117645,
      52.69914040114613,
      53.20224719101124,
      53.019911504424776,
      53.14899713467049,
      52.95834744327802,
      52.855850168350166,
      52.74804245693405,
      52.76563737133809,
      52.8318868531019
    ],
    "60-74": [
      65.2515923566879,
      65.36893203883496,
      65.3170731707317,
      65.52209944751381,
      65.24346076458752,
      65.26430517711172,
      65.01732178547635,
      64.97537619699042,
      65.02792862684251,
      65.08514335360556,
      65.14430894308943
    ]
  }
}