{
  "x_labels": [
    "PrimIncomp",
    "PrimComp",
    "SecIncomp",
    "SecComp",
    "TecIncomp",
    "TecComp",
    "UnivIncomp",
    "UnivComp",
    "Ninguno",
    "NSNC"
  ],
  "series": {
    "Si": [
      1692675.0663729452,
      0,
      0,
      0,
      0,
      0,
      0,
      0,
      0,
      0
    ],
    "No": [
      1204491.5897753683,
      1437819.9366872683,
      1472364.9924624448,
      1738925.2310451106,
      1720023.4428582215,
      1923535.0772360556,
      2326093.781250047,
      2255276.8645651173,
      1018388.5614968248,
      1112837.6419843992
    ],
    "Fallecida": [
      1329103.6599440107,
      1639438.374744218,
      1782049.211684387,
      2024562.2998525607,
      1808296.208329375,
      1944695.2888911776,
      1719553.0302999998,
      2454369.9978627344,
      1054471.8650238486,
      1154871.1468777477
    ]
  }
}