{
  "x_labels": [
    "PrimIncomp",
    "PrimComp",
    "SecIncomp",
    "SecComp",
    "TecIncomp",
    "TecComp",
    "UnivIncomp",
    "UnivComp",
    "Ninguno",
    "NSNC"
  ],
  "series": {
    "Si": [
      1680355.7338421524,
      0,
      0,
      0,
      0,
      0,
      0,
      0,
      0,
      0
    ],
    "No": [
      1173980.9395189506,
      1431439.6288552764,
      1471006.004075372,
      1741265.117964777,
      1894569.2076033333,
      2062744.2518641439,
      2088720.3072921406,
      2250983.1360906493,
      997569.5060519059,
      1150790.860728187
    ],
    "Fallecido": [
      1335548.7180221733,
      1673507.7397997836,
      1826197.5469106273,
      2064969.0010579028,
      2341833.0144913043,
      2018795.9032235486,
      2515197.9035105263,
      2399590.643187663,
      1104918.1231887082,
      1205582.4428197173
    ]
  }
}