{
  "x_labels": [
    0,
    1,
    2,
    3,
    4,
    5,
    6,
    7,
    8,
    9,
    10
  ],
  "series": {
    "Masc": [
      1049435.1832400663,
      979385.093519039,
      958250.5880430305,
      1018277.2667578801,
      988306.7810352606,
      1078168.321614915,
      1128898.6505460287,
      1253348.4406559945,
      1454931.897640059,
      1559548.1354588121,
      1662032.9523375535
    ],
    "Fem": [
      907414.4987357064,
      869157.8877199403,
      921268.5406978634,
      921962.7768479009,
      937231.0987968743,
      1006074.7996010861,
      1044551.8490318072,
      1185415.3003543385,
      1329585.9557012504,
      1445902.1929153453,
      1519508.749271479
    ]
  }
}